"id","name","age","city"
"0","Deepak","26","Chennai"
"1","Geetika","26","Kolkata"
"2","Sahil","26","Delhi"
"3","Sangeeta","25","Delhi"
"4","Anubhav","24","Delhi"
"5","Sangeeta","25","Mumbai"
"6","Akshay","26","Chennai"
"7","Anubhav","24","Delhi"
"8","Sahil","24","Kolkata"
"9","Akshay","24","Delhi"
"10","Sangeeta","24","Chennai"
"11","Geetika","25","Mumbai"
"12","Akshay","24","Mumbai"
"13","Akshay","26","Kolkata"
"14","Geetika","25","Kolkata"
"15","Deepak","24","Kolkata"
"16","Anubhav","24","Delhi"
"17","Geetika","26","Delhi"
"18","Sangeeta","25","Kolkata"
"19","Deepak","24","Mumbai"
"20","Akshay","26","Kolkata"
"21","Anubhav","25","Chennai"
"22","Anubhav","26","Kolkata"
"23","Sangeeta","25","Mumbai"
"24","Sangeeta","26","Kolkata"
"25","Sangeeta","25","Chennai"
"26","Anubhav","24","Kolkata"
"27","Sangeeta","24","Mumbai"
"28","Akshay","26","Mumbai"
"29","Sangeeta","25","Delhi"
"30","Anubhav","24","Mumbai"
"31","Geetika","26","Mumbai"
"32","Sahil","26","Delhi"
"33","Geetika","26","Kolkata"
"34","Deepak","25","Delhi"
"35","Sahil","25","Chennai"
"36","Sangeeta","24","Mumbai"
"37","Deepak","26","Mumbai"
"38","Sangeeta","26","Delhi"
"39","Sahil","25","Kolkata"
"40","Geetika","26","Chennai"
"41","Akshay","26","Chennai"
"42","Akshay","24","Chennai"
"43","Deepak","24","Delhi"
"44","Sahil","26","Chennai"
"45","Anubhav","24","Chennai"
"46","Sahil","25","Kolkata"
"47","Sangeeta","26","Delhi"
"48","Sahil","24","Chennai"
"49","Anubhav","25","Delhi"
"50","Geetika","26","Mumbai"
"51","Deepak","26","Mumbai"
"52","Sahil","26","Delhi"
"53","Sangeeta","26","Chennai"
"54","Geetika","25","Mumbai"
"55","Deepak","26","Kolkata"
"56","Sangeeta","24","Mumbai"
"57","Akshay","24","Kolkata"
"58","Sahil","26","Kolkata"
"59","Anubhav","26","Chennai"
"60","Sangeeta","26","Mumbai"
"61","Geetika","25","Mumbai"
"62","Deepak","25","Chennai"
"63","Sangeeta","24","Mumbai"
"64","Sangeeta","24","Chennai"
"65","Deepak","25","Chennai"
"66","Sangeeta","26","Delhi"
"67","Geetika","25","Chennai"
"68","Akshay","24","Kolkata"
"69","Deepak","25","Kolkata"
"70","Sahil","25","Delhi"
"71","Akshay","26","Delhi"
"72","Sangeeta","24","Kolkata"
"73","Sangeeta","26","Chennai"
"74","Geetika","25","Delhi"
"75","Deepak","26","Chennai"
"76","Sahil","24","Kolkata"
"77","Deepak","24","Kolkata"
"78","Akshay","24","Delhi"
"79","Anubhav","24","Mumbai"
"80","Akshay","26","Mumbai"
"81","Deepak","24","Mumbai"
"82","Sahil","26","Chennai"
"83","Geetika","25","Chennai"
"84","Deepak","24","Kolkata"
"85","Akshay","26","Chennai"
"86","Sangeeta","26","Delhi"
"87","Anubhav","26","Kolkata"
"88","Anubhav","24","Delhi"
"89","Sahil","24","Delhi"
"90","Akshay","26","Kolkata"
"91","Sahil","24","Chennai"
"92","Sahil","26","Kolkata"
"93","Deepak","24","Mumbai"
"94","Deepak","24","Delhi"
"95","Akshay","25","Delhi"
"96","Deepak","26","Kolkata"
"97","Sangeeta","24","Chennai"
"98","Anubhav","26","Chennai"
"99","Akshay","24","Kolkata"
"100","Sahil","25","Chennai"
"101","Geetika","25","Chennai"
"102","Anubhav","24","Chennai"
"103","Sahil","25","Kolkata"
"104","Geetika","24","Delhi"
"105","Anubhav","26","Kolkata"
"106","Sangeeta","24","Kolkata"
"107","Sahil","25","Delhi"
"108","Geetika","25","Mumbai"
"109","Deepak","25","Mumbai"
"110","Sahil","25","Delhi"
"111","Geetika","24","Kolkata"
"112","Akshay","26","Chennai"
"113","Sahil","24","Mumbai"
"114","Akshay","24","Mumbai"
"115","Sahil","25","Chennai"
"116","Geetika","24","Mumbai"
"117","Geetika","25","Kolkata"
"118","Deepak","26","Kolkata"
"119","Akshay","25","Chennai"
"120","Sangeeta","24","Chennai"
"121","Akshay","25","Chennai"
"122","Akshay","26","Kolkata"
"123","Akshay","24","Delhi"
"124","Anubhav","25","Mumbai"
"125","Sahil","24","Delhi"
"126","Akshay","25","Mumbai"
"127","Deepak","26","Delhi"
"128","Anubhav","25","Kolkata"
"129","Sangeeta","25","Kolkata"
"130","Anubhav","25","Kolkata"
"131","Anubhav","26","Kolkata"
"132","Geetika","25","Mumbai"
"133","Deepak","25","Chennai"
"134","Geetika","26","Chennai"
"135","Geetika","25","Mumbai"
"136","Geetika","26","Delhi"
"137","Sahil","24","Delhi"
"138","Sahil","24","Delhi"
"139","Deepak","26","Kolkata"
"140","Geetika","25","Kolkata"
"141","Sangeeta","25","Chennai"
"142","Anubhav","24","Chennai"
"143","Anubhav","26","Delhi"
"144","Geetika","24","Delhi"
"145","Akshay","25","Mumbai"
"146","Sangeeta","26","Delhi"
"147","Sangeeta","26","Delhi"
"148","Sahil","25","Kolkata"
"149","Deepak","25","Chennai"
"150","Anubhav","24","Kolkata"
"151","Sahil","24","Mumbai"
"152","Akshay","24","Delhi"
"153","Akshay","24","Mumbai"
"154","Akshay","24","Delhi"
"155","Anubhav","26","Delhi"
"156","Deepak","24","Kolkata"
"157","Sahil","25","Chennai"
"158","Geetika","25","Mumbai"
"159","Akshay","26","Kolkata"
"160","Sahil","24","Delhi"
"161","Sangeeta","26","Delhi"
"162","Sahil","25","Chennai"
"163","Akshay","26","Mumbai"
"164","Akshay","25","Kolkata"
"165","Geetika","25","Delhi"
"166","Geetika","25","Mumbai"
"167","Deepak","24","Mumbai"
"168","Anubhav","25","Kolkata"
"169","Sahil","24","Mumbai"
"170","Deepak","25","Mumbai"
"171","Sangeeta","25","Delhi"
"172","Akshay","26","Chennai"
"173","Akshay","26","Delhi"
"174","Akshay","26","Kolkata"
"175","Anubhav","24","Kolkata"
"176","Geetika","25","Mumbai"
"177","Akshay","25","Mumbai"
"178","Sangeeta","25","Kolkata"
"179","Deepak","24","Kolkata"
"180","Geetika","26","Kolkata"
"181","Anubhav","25","Delhi"
"182","Sangeeta","25","Kolkata"
"183","Sangeeta","25","Delhi"
"184","Akshay","26","Kolkata"
"185","Sahil","24","Kolkata"
"186","Sahil","24","Delhi"
"187","Deepak","26","Kolkata"
"188","Sangeeta","25","Delhi"
"189","Deepak","26","Mumbai"
"190","Akshay","24","Delhi"
"191","Anubhav","26","Delhi"
"192","Akshay","26","Mumbai"
"193","Deepak","24","Delhi"
"194","Geetika","24","Mumbai"
"195","Deepak","26","Kolkata"
"196","Akshay","26","Chennai"
"197","Sangeeta","25","Kolkata"
"198","Sahil","26","Chennai"
"199","Sangeeta","26","Chennai"
"200","Deepak","25","Kolkata"
"201","Deepak","26","Delhi"
"202","Anubhav","25","Kolkata"
"203","Sahil","25","Mumbai"
"204","Deepak","26","Delhi"
"205","Sangeeta","25","Chennai"
"206","Sangeeta","24","Kolkata"
"207","Geetika","24","Mumbai"
"208","Sahil","24","Kolkata"
"209","Geetika","25","Mumbai"
"210","Anubhav","26","Chennai"
"211","Sahil","25","Mumbai"
"212","Sahil","24","Chennai"
"213","Akshay","26","Chennai"
"214","Deepak","25","Chennai"
"215","Geetika","24","Chennai"
"216","Anubhav","26","Delhi"
"217","Geetika","24","Delhi"
"218","Sangeeta","26","Chennai"
"219","Sangeeta","26","Mumbai"
"220","Geetika","25","Mumbai"
"221","Akshay","26","Chennai"
"222","Geetika","25","Delhi"
"223","Akshay","25","Delhi"
"224","Sahil","25","Kolkata"
"225","Anubhav","24","Mumbai"
"226","Sahil","26","Mumbai"
"227","Geetika","24","Delhi"
"228","Sahil","24","Delhi"
"229","Geetika","26","Delhi"
"230","Sangeeta","26","Kolkata"
"231","Deepak","25","Kolkata"
"232","Deepak","25","Kolkata"
"233","Akshay","25","Mumbai"
"234","Sahil","24","Kolkata"
"235","Deepak","25","Chennai"
"236","Sangeeta","24","Mumbai"
"237","Sangeeta","25","Kolkata"
"238","Geetika","26","Delhi"
"239","Anubhav","25","Kolkata"
"240","Anubhav","24","Mumbai"
"241","Sahil","25","Delhi"
"242","Sangeeta","26","Delhi"
"243","Anubhav","25","Kolkata"
"244","Geetika","25","Chennai"
"245","Sahil","26","Delhi"
"246","Geetika","26","Kolkata"
"247","Sangeeta","25","Delhi"
"248","Geetika","25","Chennai"
"249","Anubhav","24","Chennai"
"250","Akshay","24","Chennai"
"251","Sahil","25","Delhi"
"252","Deepak","26","Mumbai"
"253","Sahil","26","Kolkata"
"254","Geetika","24","Kolkata"
"255","Akshay","24","Delhi"
"256","Sahil","25","Kolkata"
"257","Geetika","24","Kolkata"
"258","Geetika","26","Delhi"
"259","Akshay","26","Mumbai"
"260","Anubhav","25","Chennai"
"261","Akshay","25","Delhi"
"262","Geetika","25","Mumbai"
"263","Geetika","24","Chennai"
"264","Sahil","25","Chennai"
"265","Sahil","26","Delhi"
"266","Akshay","25","Mumbai"
"267","Sangeeta","26","Chennai"
"268","Geetika","25","Delhi"
"269","Sahil","24","Mumbai"
"270","Sahil","26","Kolkata"
"271","Sahil","24","Mumbai"
"272","Akshay","24","Kolkata"
"273","Geetika","25","Mumbai"
"274","Sangeeta","26","Chennai"
"275","Anubhav","25","Kolkata"
"276","Geetika","26","Mumbai"
"277","Sangeeta","24","Kolkata"
"278","Akshay","26","Kolkata"
"279","Deepak","25","Mumbai"
"280","Sangeeta","24","Delhi"
"281","Anubhav","26","Chennai"
"282","Deepak","24","Chennai"
"283","Akshay","26","Kolkata"
"284","Sangeeta","26","Delhi"
"285","Deepak","24","Mumbai"
"286","Geetika","26","Kolkata"
"287","Akshay","24","Mumbai"
"288","Sahil","24","Mumbai"
"289","Geetika","24","Mumbai"
"290","Anubhav","24","Mumbai"
"291","Deepak","24","Chennai"
"292","Anubhav","26","Kolkata"
"293","Geetika","26","Delhi"
"294","Deepak","24","Kolkata"
"295","Deepak","25","Mumbai"
"296","Anubhav","24","Delhi"
"297","Sangeeta","25","Mumbai"
"298","Anubhav","25","Delhi"
"299","Sahil","26","Delhi"
"300","Anubhav","26","Kolkata"
"301","Anubhav","25","Mumbai"
"302","Akshay","24","Delhi"
"303","Sangeeta","25","Kolkata"
"304","Deepak","26","Kolkata"
"305","Deepak","26","Kolkata"
"306","Sangeeta","24","Chennai"
"307","Geetika","25","Mumbai"
"308","Sangeeta","24","Delhi"
"309","Sangeeta","26","Delhi"
"310","Anubhav","25","Chennai"
"311","Deepak","25","Kolkata"
"312","Sahil","26","Kolkata"
"313","Sangeeta","24","Delhi"
"314","Anubhav","24","Kolkata"
"315","Deepak","24","Kolkata"
"316","Geetika","26","Mumbai"
"317","Akshay","24","Mumbai"
"318","Deepak","24","Chennai"
"319","Sahil","24","Delhi"
"320","Geetika","25","Chennai"
"321","Geetika","25","Mumbai"
"322","Geetika","24","Delhi"
"323","Anubhav","24","Chennai"
"324","Sahil","24","Chennai"
"325","Akshay","25","Delhi"
"326","Anubhav","26","Chennai"
"327","Akshay","26","Mumbai"
"328","Anubhav","26","Delhi"
"329","Geetika","24","Delhi"
"330","Akshay","24","Mumbai"
"331","Anubhav","25","Kolkata"
"332","Akshay","24","Kolkata"
"333","Sangeeta","25","Mumbai"
"334","Deepak","24","Kolkata"
"335","Akshay","24","Kolkata"
"336","Deepak","24","Mumbai"
"337","Geetika","24","Mumbai"
"338","Deepak","24","Mumbai"
"339","Akshay","25","Delhi"
"340","Sahil","26","Mumbai"
"341","Geetika","24","Delhi"
"342","Geetika","24","Chennai"
"343","Anubhav","25","Mumbai"
"344","Deepak","24","Chennai"
"345","Sahil","24","Kolkata"
"346","Sahil","25","Chennai"
"347","Geetika","25","Kolkata"
"348","Akshay","24","Mumbai"
"349","Akshay","24","Kolkata"
"350","Sahil","25","Kolkata"
"351","Sahil","25","Delhi"
"352","Geetika","26","Chennai"
"353","Deepak","25","Mumbai"
"354","Sahil","26","Kolkata"
"355","Sangeeta","25","Delhi"
"356","Deepak","24","Mumbai"
"357","Geetika","24","Mumbai"
"358","Geetika","26","Kolkata"
"359","Sahil","26","Delhi"
"360","Deepak","25","Delhi"
"361","Akshay","24","Delhi"
"362","Anubhav","24","Chennai"
"363","Akshay","24","Chennai"
"364","Sahil","25","Kolkata"
"365","Sangeeta","25","Delhi"
"366","Anubhav","24","Mumbai"
"367","Deepak","24","Chennai"
"368","Anubhav","26","Delhi"
"369","Akshay","25","Delhi"
"370","Geetika","24","Delhi"
"371","Geetika","24","Chennai"
"372","Akshay","26","Chennai"
"373","Deepak","26","Kolkata"
"374","Sangeeta","24","Kolkata"
"375","Sangeeta","24","Mumbai"
"376","Anubhav","25","Chennai"
"377","Akshay","24","Chennai"
"378","Deepak","25","Mumbai"
"379","Sangeeta","26","Delhi"
"380","Sangeeta","24","Delhi"
"381","Anubhav","24","Kolkata"
"382","Sangeeta","24","Delhi"
"383","Sahil","25","Kolkata"
"384","Sangeeta","24","Mumbai"
"385","Anubhav","24","Kolkata"
"386","Sangeeta","26","Mumbai"
"387","Sahil","24","Delhi"
"388","Sahil","26","Delhi"
"389","Sangeeta","26","Chennai"
"390","Sahil","24","Mumbai"
"391","Deepak","26","Chennai"
"392","Geetika","26","Delhi"
"393","Sahil","24","Delhi"
"394","Anubhav","25","Mumbai"
"395","Sangeeta","25","Mumbai"
"396","Deepak","24","Mumbai"
"397","Geetika","26","Chennai"
"398","Geetika","25","Mumbai"
"399","Deepak","24","Mumbai"
"400","Sangeeta","24","Kolkata"
"401","Deepak","24","Kolkata"
"402","Anubhav","26","Chennai"
"403","Sahil","26","Kolkata"
"404","Sangeeta","24","Chennai"
"405","Anubhav","26","Chennai"
"406","Sahil","24","Kolkata"
"407","Geetika","24","Mumbai"
"408","Sangeeta","25","Mumbai"
"409","Deepak","26","Delhi"
"410","Sangeeta","24","Mumbai"
"411","Anubhav","25","Delhi"
"412","Deepak","26","Mumbai"
"413","Anubhav","25","Kolkata"
"414","Sangeeta","26","Delhi"
"415","Sahil","26","Delhi"
"416","Anubhav","26","Kolkata"
"417","Akshay","24","Mumbai"
"418","Anubhav","25","Mumbai"
"419","Sangeeta","26","Mumbai"
"420","Akshay","24","Kolkata"
"421","Sangeeta","26","Kolkata"
"422","Anubhav","25","Delhi"
"423","Deepak","26","Mumbai"
"424","Anubhav","26","Kolkata"
"425","Sahil","24","Chennai"
"426","Geetika","24","Kolkata"
"427","Anubhav","26","Kolkata"
"428","Akshay","26","Mumbai"
"429","Anubhav","25","Kolkata"
"430","Sangeeta","24","Kolkata"
"431","Anubhav","25","Mumbai"
"432","Sangeeta","25","Chennai"
"433","Sangeeta","25","Kolkata"
"434","Deepak","24","Kolkata"
"435","Akshay","26","Delhi"
"436","Anubhav","26","Mumbai"
"437","Sangeeta","25","Chennai"
"438","Sangeeta","24","Chennai"
"439","Akshay","26","Chennai"
"440","Anubhav","25","Chennai"
"441","Anubhav","25","Chennai"
"442","Deepak","26","Delhi"
"443","Geetika","26","Delhi"
"444","Deepak","24","Chennai"
"445","Sangeeta","25","Mumbai"
"446","Sangeeta","24","Chennai"
"447","Akshay","24","Mumbai"
"448","Geetika","24","Kolkata"
"449","Akshay","25","Kolkata"
"450","Anubhav","24","Chennai"
"451","Sahil","24","Delhi"
"452","Deepak","24","Chennai"
"453","Sahil","26","Delhi"
"454","Sangeeta","25","Kolkata"
"455","Sangeeta","26","Kolkata"
"456","Sangeeta","26","Kolkata"
"457","Akshay","26","Chennai"
"458","Geetika","26","Chennai"
"459","Sahil","25","Chennai"
"460","Anubhav","25","Chennai"
"461","Sahil","26","Kolkata"
"462","Geetika","26","Mumbai"
"463","Anubhav","25","Chennai"
"464","Anubhav","24","Chennai"
"465","Sahil","25","Mumbai"
"466","Sahil","26","Mumbai"
"467","Akshay","24","Mumbai"
"468","Sangeeta","24","Mumbai"
"469","Akshay","26","Delhi"
"470","Sahil","24","Mumbai"
"471","Deepak","25","Kolkata"
"472","Akshay","26","Mumbai"
"473","Sahil","25","Delhi"
"474","Anubhav","25","Kolkata"
"475","Geetika","25","Chennai"
"476","Sahil","25","Chennai"
"477","Deepak","24","Kolkata"
"478","Sahil","24","Chennai"
"479","Sahil","25","Chennai"
"480","Akshay","24","Chennai"
"481","Geetika","26","Chennai"
"482","Geetika","25","Delhi"
"483","Anubhav","25","Mumbai"
"484","Sangeeta","25","Mumbai"
"485","Deepak","24","Mumbai"
"486","Sahil","24","Delhi"
"487","Sangeeta","26","Chennai"
"488","Deepak","24","Chennai"
"489","Akshay","26","Mumbai"
"490","Geetika","24","Chennai"
"491","Deepak","26","Delhi"
"492","Geetika","26","Kolkata"
"493","Anubhav","26","Delhi"
"494","Akshay","26","Mumbai"
"495","Deepak","25","Chennai"
"496","Geetika","24","Kolkata"
"497","Geetika","24","Chennai"
"498","Sangeeta","25","Kolkata"
"499","Anubhav","25","Delhi"
"500","Anubhav","25","Delhi"
"501","Akshay","26","Chennai"
"502","Sahil","24","Kolkata"
"503","Akshay","25","Kolkata"
"504","Sahil","24","Delhi"
"505","Geetika","24","Chennai"
"506","Geetika","24","Delhi"
"507","Anubhav","26","Delhi"
"508","Deepak","26","Mumbai"
"509","Anubhav","26","Delhi"
"510","Deepak","25","Mumbai"
"511","Geetika","25","Chennai"
"512","Anubhav","25","Delhi"
"513","Sangeeta","24","Delhi"
"514","Sangeeta","25","Kolkata"
"515","Anubhav","26","Mumbai"
"516","Akshay","26","Mumbai"
"517","Deepak","26","Delhi"
"518","Sahil","24","Delhi"
"519","Sahil","24","Mumbai"
"520","Anubhav","26","Mumbai"
"521","Geetika","25","Delhi"
"522","Sahil","24","Delhi"
"523","Geetika","24","Kolkata"
"524","Sangeeta","24","Mumbai"
"525","Akshay","25","Chennai"
"526","Sangeeta","26","Kolkata"
"527","Geetika","24","Kolkata"
"528","Sangeeta","26","Delhi"
"529","Deepak","24","Mumbai"
"530","Akshay","25","Chennai"
"531","Sangeeta","24","Kolkata"
"532","Anubhav","26","Mumbai"
"533","Geetika","24","Mumbai"
"534","Sangeeta","24","Delhi"
"535","Sangeeta","24","Delhi"
"536","Sahil","24","Delhi"
"537","Geetika","26","Delhi"
"538","Anubhav","26","Chennai"
"539","Geetika","26","Chennai"
"540","Sangeeta","24","Mumbai"
"541","Sangeeta","25","Chennai"
"542","Deepak","26","Delhi"
"543","Akshay","25","Kolkata"
"544","Anubhav","26","Chennai"
"545","Deepak","25","Mumbai"
"546","Sahil","26","Delhi"
"547","Sahil","25","Chennai"
"548","Deepak","26","Delhi"
"549","Sangeeta","26","Delhi"
"550","Deepak","24","Delhi"
"551","Akshay","24","Chennai"
"552","Deepak","24","Kolkata"
"553","Geetika","26","Kolkata"
"554","Akshay","26","Delhi"
"555","Sahil","25","Kolkata"
"556","Geetika","24","Mumbai"
"557","Anubhav","25","Delhi"
"558","Anubhav","25","Kolkata"
"559","Anubhav","26","Mumbai"
"560","Sangeeta","25","Delhi"
"561","Akshay","24","Delhi"
"562","Deepak","24","Kolkata"
"563","Geetika","24","Delhi"
"564","Geetika","25","Chennai"
"565","Sahil","24","Kolkata"
"566","Geetika","24","Chennai"
"567","Deepak","25","Delhi"
"568","Akshay","26","Kolkata"
"569","Sahil","25","Mumbai"
"570","Akshay","26","Mumbai"
"571","Anubhav","24","Chennai"
"572","Sahil","25","Kolkata"
"573","Anubhav","26","Delhi"
"574","Sangeeta","26","Delhi"
"575","Akshay","25","Chennai"
"576","Deepak","24","Delhi"
"577","Sangeeta","26","Chennai"
"578","Sangeeta","26","Kolkata"
"579","Sahil","24","Mumbai"
"580","Geetika","25","Chennai"
"581","Anubhav","24","Mumbai"
"582","Anubhav","25","Delhi"
"583","Anubhav","25","Chennai"
"584","Anubhav","26","Delhi"
"585","Akshay","25","Chennai"
"586","Sahil","26","Mumbai"
"587","Deepak","25","Delhi"
"588","Deepak","26","Kolkata"
"589","Akshay","25","Kolkata"
"590","Deepak","24","Chennai"
"591","Akshay","26","Kolkata"
"592","Deepak","25","Chennai"
"593","Anubhav","26","Mumbai"
"594","Anubhav","25","Delhi"
"595","Sangeeta","26","Delhi"
"596","Sangeeta","24","Mumbai"
"597","Anubhav","24","Chennai"
"598","Sangeeta","25","Kolkata"
"599","Anubhav","26","Kolkata"
"600","Sangeeta","24","Delhi"
"601","Akshay","26","Mumbai"
"602","Sahil","24","Mumbai"
"603","Anubhav","25","Chennai"
"604","Akshay","26","Delhi"
"605","Akshay","24","Mumbai"
"606","Deepak","25","Mumbai"
"607","Deepak","26","Delhi"
"608","Geetika","24","Kolkata"
"609","Anubhav","26","Chennai"
"610","Geetika","25","Chennai"
"611","Anubhav","26","Delhi"
"612","Deepak","26","Mumbai"
"613","Deepak","26","Chennai"
"614","Geetika","25","Delhi"
"615","Akshay","25","Delhi"
"616","Akshay","26","Delhi"
"617","Sahil","25","Delhi"
"618","Sahil","25","Delhi"
"619","Sangeeta","26","Kolkata"
"620","Anubhav","25","Chennai"
"621","Akshay","25","Delhi"
"622","Geetika","24","Chennai"
"623","Deepak","25","Delhi"
"624","Akshay","25","Kolkata"
"625","Sangeeta","24","Kolkata"
"626","Sahil","25","Delhi"
"627","Anubhav","25","Kolkata"
"628","Deepak","24","Delhi"
"629","Sahil","25","Delhi"
"630","Anubhav","25","Kolkata"
"631","Sangeeta","26","Kolkata"
"632","Anubhav","24","Mumbai"
"633","Akshay","26","Delhi"
"634","Anubhav","24","Chennai"
"635","Akshay","25","Delhi"
"636","Deepak","24","Mumbai"
"637","Akshay","26","Delhi"
"638","Akshay","24","Kolkata"
"639","Anubhav","24","Delhi"
"640","Sangeeta","24","Kolkata"
"641","Akshay","25","Mumbai"
"642","Sangeeta","26","Chennai"
"643","Anubhav","25","Kolkata"
"644","Deepak","26","Mumbai"
"645","Anubhav","26","Chennai"
"646","Anubhav","24","Kolkata"
"647","Sahil","26","Chennai"
"648","Geetika","25","Kolkata"
"649","Geetika","24","Mumbai"
"650","Anubhav","25","Delhi"
"651","Sahil","24","Delhi"
"652","Deepak","26","Mumbai"
"653","Sangeeta","25","Delhi"
"654","Deepak","24","Mumbai"
"655","Anubhav","26","Delhi"
"656","Anubhav","24","Mumbai"
"657","Akshay","24","Chennai"
"658","Sahil","24","Mumbai"
"659","Anubhav","24","Kolkata"
"660","Akshay","26","Kolkata"
"661","Deepak","24","Kolkata"
"662","Geetika","24","Chennai"
"663","Sangeeta","25","Mumbai"
"664","Akshay","24","Mumbai"
"665","Deepak","24","Mumbai"
"666","Deepak","26","Kolkata"
"667","Sahil","26","Delhi"
"668","Anubhav","25","Kolkata"
"669","Deepak","24","Chennai"
"670","Geetika","26","Mumbai"
"671","Sahil","25","Chennai"
"672","Geetika","26","Kolkata"
"673","Sangeeta","26","Delhi"
"674","Geetika","26","Delhi"
"675","Sangeeta","24","Mumbai"
"676","Sahil","24","Mumbai"
"677","Geetika","24","Mumbai"
"678","Anubhav","24","Delhi"
"679","Akshay","25","Mumbai"
"680","Akshay","25","Chennai"
"681","Sangeeta","24","Kolkata"
"682","Akshay","25","Delhi"
"683","Sangeeta","26","Kolkata"
"684","Deepak","26","Chennai"
"685","Deepak","24","Mumbai"
"686","Deepak","25","Delhi"
"687","Sangeeta","24","Chennai"
"688","Anubhav","24","Delhi"
"689","Sahil","26","Mumbai"
"690","Sangeeta","26","Delhi"
"691","Akshay","26","Chennai"
"692","Geetika","26","Delhi"
"693","Sahil","24","Delhi"
"694","Anubhav","26","Delhi"
"695","Sahil","26","Kolkata"
"696","Akshay","26","Kolkata"
"697","Anubhav","26","Kolkata"
"698","Deepak","24","Mumbai"
"699","Sangeeta","24","Delhi"
"700","Anubhav","26","Delhi"
"701","Akshay","24","Mumbai"
"702","Geetika","25","Kolkata"
"703","Akshay","24","Mumbai"
"704","Geetika","26","Delhi"
"705","Akshay","24","Delhi"
"706","Sahil","24","Delhi"
"707","Geetika","26","Mumbai"
"708","Geetika","26","Chennai"
"709","Akshay","26","Delhi"
"710","Deepak","24","Mumbai"
"711","Geetika","25","Chennai"
"712","Sangeeta","25","Chennai"
"713","Sangeeta","26","Kolkata"
"714","Akshay","24","Kolkata"
"715","Sahil","25","Delhi"
"716","Sangeeta","24","Chennai"
"717","Sahil","24","Delhi"
"718","Sangeeta","24","Chennai"
"719","Akshay","25","Mumbai"
"720","Anubhav","25","Mumbai"
"721","Deepak","24","Chennai"
"722","Akshay","24","Chennai"
"723","Anubhav","26","Mumbai"
"724","Sangeeta","24","Delhi"
"725","Geetika","26","Mumbai"
"726","Akshay","24","Mumbai"
"727","Deepak","24","Kolkata"
"728","Deepak","25","Chennai"
"729","Deepak","24","Delhi"
"730","Akshay","26","Chennai"
"731","Akshay","24","Kolkata"
"732","Sahil","26","Delhi"
"733","Anubhav","24","Kolkata"
"734","Anubhav","25","Mumbai"
"735","Deepak","24","Delhi"
"736","Anubhav","26","Chennai"
"737","Akshay","26","Delhi"
"738","Anubhav","26","Kolkata"
"739","Sahil","25","Kolkata"
"740","Sahil","25","Delhi"
"741","Sahil","26","Mumbai"
"742","Deepak","26","Mumbai"
"743","Deepak","24","Delhi"
"744","Sangeeta","25","Delhi"
"745","Deepak","24","Kolkata"
"746","Sangeeta","24","Chennai"
"747","Sahil","24","Kolkata"
"748","Sangeeta","25","Mumbai"
"749","Akshay","26","Delhi"
"750","Deepak","26","Delhi"
"751","Anubhav","26","Kolkata"
"752","Anubhav","24","Chennai"
"753","Sangeeta","24","Chennai"
"754","Geetika","24","Chennai"
"755","Akshay","25","Delhi"
"756","Akshay","24","Kolkata"
"757","Sahil","25","Kolkata"
"758","Geetika","25","Kolkata"
"759","Anubhav","24","Kolkata"
"760","Anubhav","24","Kolkata"
"761","Deepak","24","Kolkata"
"762","Deepak","25","Kolkata"
"763","Akshay","25","Kolkata"
"764","Akshay","26","Mumbai"
"765","Anubhav","26","Chennai"
"766","Sahil","24","Mumbai"
"767","Sahil","25","Chennai"
"768","Sangeeta","25","Delhi"
"769","Deepak","24","Mumbai"
"770","Sahil","24","Chennai"
"771","Sangeeta","24","Mumbai"
"772","Sangeeta","26","Chennai"
"773","Geetika","24","Delhi"
"774","Akshay","26","Mumbai"
"775","Sangeeta","24","Kolkata"
"776","Anubhav","25","Chennai"
"777","Akshay","24","Mumbai"
"778","Geetika","24","Kolkata"
"779","Sahil","25","Kolkata"
"780","Geetika","24","Delhi"
"781","Geetika","25","Kolkata"
"782","Sangeeta","24","Delhi"
"783","Sahil","26","Kolkata"
"784","Anubhav","25","Mumbai"
"785","Deepak","26","Mumbai"
"786","Geetika","26","Mumbai"
"787","Akshay","26","Kolkata"
"788","Deepak","25","Kolkata"
"789","Geetika","26","Kolkata"
"790","Anubhav","25","Mumbai"
"791","Deepak","25","Kolkata"
"792","Sangeeta","25","Kolkata"
"793","Geetika","24","Chennai"
"794","Anubhav","26","Mumbai"
"795","Sahil","26","Kolkata"
"796","Deepak","24","Delhi"
"797","Akshay","24","Kolkata"
"798","Sahil","26","Mumbai"
"799","Deepak","26","Delhi"
"800","Anubhav","24","Kolkata"
"801","Geetika","25","Delhi"
"802","Sangeeta","26","Kolkata"
"803","Geetika","26","Kolkata"
"804","Sahil","26","Mumbai"
"805","Anubhav","26","Chennai"
"806","Geetika","26","Kolkata"
"807","Sangeeta","26","Delhi"
"808","Akshay","26","Kolkata"
"809","Sahil","24","Kolkata"
"810","Geetika","25","Kolkata"
"811","Sahil","26","Delhi"
"812","Geetika","25","Chennai"
"813","Geetika","25","Chennai"
"814","Sahil","25","Kolkata"
"815","Sahil","25","Chennai"
"816","Sangeeta","25","Chennai"
"817","Deepak","26","Mumbai"
"818","Sahil","24","Delhi"
"819","Akshay","26","Kolkata"
"820","Anubhav","26","Delhi"
"821","Anubhav","24","Chennai"
"822","Geetika","25","Delhi"
"823","Geetika","26","Delhi"
"824","Geetika","26","Chennai"
"825","Geetika","25","Kolkata"
"826","Anubhav","25","Mumbai"
"827","Sahil","26","Kolkata"
"828","Geetika","24","Delhi"
"829","Deepak","25","Mumbai"
"830","Akshay","26","Mumbai"
"831","Anubhav","24","Delhi"
"832","Deepak","25","Kolkata"
"833","Sahil","24","Chennai"
"834","Sangeeta","24","Chennai"
"835","Geetika","24","Mumbai"
"836","Akshay","24","Mumbai"
"837","Deepak","25","Kolkata"
"838","Deepak","25","Chennai"
"839","Geetika","26","Delhi"
"840","Deepak","24","Mumbai"
"841","Deepak","25","Kolkata"
"842","Anubhav","25","Kolkata"
"843","Akshay","25","Kolkata"
"844","Sahil","24","Kolkata"
"845","Sangeeta","24","Kolkata"
"846","Akshay","24","Kolkata"
"847","Anubhav","26","Mumbai"
"848","Sahil","24","Kolkata"
"849","Sangeeta","25","Delhi"
"850","Sangeeta","26","Mumbai"
"851","Deepak","24","Delhi"
"852","Akshay","24","Delhi"
"853","Akshay","25","Mumbai"
"854","Sangeeta","24","Kolkata"
"855","Geetika","25","Chennai"
"856","Anubhav","25","Chennai"
"857","Deepak","24","Delhi"
"858","Sangeeta","24","Kolkata"
"859","Sahil","24","Delhi"
"860","Anubhav","25","Kolkata"
"861","Akshay","26","Chennai"
"862","Akshay","26","Chennai"
"863","Akshay","25","Delhi"
"864","Geetika","26","Delhi"
"865","Sahil","26","Mumbai"
"866","Geetika","26","Delhi"
"867","Geetika","26","Kolkata"
"868","Deepak","26","Chennai"
"869","Sangeeta","26","Chennai"
"870","Sahil","25","Chennai"
"871","Sahil","25","Chennai"
"872","Akshay","24","Kolkata"
"873","Sangeeta","24","Mumbai"
"874","Anubhav","26","Chennai"
"875","Akshay","26","Mumbai"
"876","Sahil","25","Chennai"
"877","Sahil","25","Chennai"
"878","Akshay","26","Kolkata"
"879","Geetika","24","Mumbai"
"880","Sahil","25","Kolkata"
"881","Akshay","24","Chennai"
"882","Akshay","26","Chennai"
"883","Akshay","25","Mumbai"
"884","Geetika","24","Delhi"
"885","Sangeeta","24","Mumbai"
"886","Sangeeta","24","Chennai"
"887","Sangeeta","25","Kolkata"
"888","Deepak","25","Mumbai"
"889","Akshay","26","Chennai"
"890","Deepak","26","Kolkata"
"891","Anubhav","26","Delhi"
"892","Sahil","25","Chennai"
"893","Akshay","26","Kolkata"
"894","Anubhav","24","Kolkata"
"895","Sangeeta","24","Mumbai"
"896","Akshay","26","Kolkata"
"897","Sangeeta","26","Chennai"
"898","Sangeeta","25","Delhi"
"899","Sangeeta","24","Kolkata"
"900","Sahil","26","Kolkata"
"901","Sahil","24","Kolkata"
"902","Anubhav","25","Mumbai"
"903","Sahil","24","Kolkata"
"904","Sangeeta","26","Mumbai"
"905","Geetika","26","Kolkata"
"906","Sangeeta","26","Chennai"
"907","Sangeeta","26","Mumbai"
"908","Anubhav","24","Mumbai"
"909","Sahil","26","Chennai"
"910","Geetika","26","Delhi"
"911","Anubhav","26","Kolkata"
"912","Deepak","25","Kolkata"
"913","Sangeeta","25","Delhi"
"914","Sahil","26","Kolkata"
"915","Anubhav","26","Mumbai"
"916","Deepak","25","Kolkata"
"917","Akshay","24","Delhi"
"918","Deepak","25","Chennai"
"919","Anubhav","26","Kolkata"
"920","Akshay","24","Kolkata"
"921","Sangeeta","25","Kolkata"
"922","Anubhav","24","Chennai"
"923","Akshay","24","Delhi"
"924","Sangeeta","24","Delhi"
"925","Sangeeta","24","Delhi"
"926","Anubhav","25","Kolkata"
"927","Geetika","24","Mumbai"
"928","Sahil","24","Kolkata"
"929","Sahil","25","Kolkata"
"930","Deepak","25","Delhi"
"931","Geetika","25","Kolkata"
"932","Anubhav","26","Delhi"
"933","Anubhav","25","Kolkata"
"934","Anubhav","26","Mumbai"
"935","Anubhav","26","Chennai"
"936","Geetika","26","Chennai"
"937","Deepak","24","Mumbai"
"938","Akshay","24","Chennai"
"939","Sahil","25","Delhi"
"940","Akshay","25","Delhi"
"941","Deepak","26","Kolkata"
"942","Deepak","24","Delhi"
"943","Sahil","25","Delhi"
"944","Sangeeta","26","Mumbai"
"945","Sahil","24","Mumbai"
"946","Sahil","25","Delhi"
"947","Sahil","26","Delhi"
"948","Deepak","25","Delhi"
"949","Sahil","24","Kolkata"
"950","Geetika","24","Chennai"
"951","Deepak","25","Chennai"
"952","Sangeeta","24","Delhi"
"953","Anubhav","25","Mumbai"
"954","Geetika","25","Delhi"
"955","Geetika","26","Chennai"
"956","Geetika","24","Chennai"
"957","Deepak","26","Mumbai"
"958","Geetika","25","Chennai"
"959","Geetika","25","Delhi"
"960","Akshay","24","Delhi"
"961","Akshay","26","Chennai"
"962","Sangeeta","25","Chennai"
"963","Geetika","26","Delhi"
"964","Sangeeta","26","Mumbai"
"965","Anubhav","24","Kolkata"
"966","Deepak","24","Chennai"
"967","Geetika","24","Delhi"
"968","Sahil","26","Delhi"
"969","Sahil","26","Chennai"
"970","Deepak","25","Delhi"
"971","Anubhav","24","Kolkata"
"972","Akshay","26","Mumbai"
"973","Sahil","26","Mumbai"
"974","Geetika","26","Chennai"
"975","Anubhav","25","Chennai"
"976","Geetika","24","Kolkata"
"977","Sahil","24","Mumbai"
"978","Sahil","25","Mumbai"
"979","Deepak","24","Delhi"
"980","Anubhav","25","Delhi"
"981","Geetika","26","Mumbai"
"982","Anubhav","24","Chennai"
"983","Geetika","26","Mumbai"
"984","Akshay","24","Kolkata"
"985","Sangeeta","26","Mumbai"
"986","Akshay","25","Mumbai"
"987","Deepak","25","Mumbai"
"988","Deepak","25","Delhi"
"989","Akshay","26","Kolkata"
"990","Akshay","25","Mumbai"
"991","Sahil","24","Mumbai"
"992","Deepak","25","Delhi"
"993","Sahil","26","Kolkata"
"994","Sahil","25","Kolkata"
"995","Geetika","24","Kolkata"
"996","Sahil","26","Delhi"
"997","Anubhav","26","Mumbai"
"998","Anubhav","25","Chennai"
"999","Deepak","25","Mumbai"
